SIREN,NIC,L1_NORMALISEE,L2_NORMALISEE,L3_NORMALISEE,L4_NORMALISEE,L5_NORMALISEE,L6_NORMALISEE,L7_NORMALISEE,L1_DECLAREE,L2_DECLAREE,L3_DECLAREE,L4_DECLAREE,L5_DECLAREE,L6_DECLAREE,L7_DECLAREE,NUMVOIE,INDREP,TYPVOIE,LIBVOIE,CODPOS,CEDEX,DEPET,COMET,TCD,SIEGE,ENSEIGNE,IND_PUBLIPO,DIFFCOM,AMINTRET,NATETAB,APET700,DAPET,TEFET,EFETCENT,DEFET,ORIGINE,DCRET,DDEBACT,ACTIVNAT,LIEUACT,ACTISURF,SAISONAT,MODET,PRODET,PRODPART,AUXILT,NOMEN_LONG,SIGLE,NOM,PRENOM,CIVILITE,RNA,NICSIEGE,RPEN,DEPCOMEN,ADR_MAIL,NJ,APEN700,DAPEN,APRM,ESS,DATEESS,TEFEN,EFENCENT,DEFEN,CATEGORIE,DCREN,AMINTREN,MONOACT,MODEN,PRODEN,ESAANN,TCA,ESAAPEN,ESASEC1N,ESASEC2N,ESASEC3N,ESASEC4N,VMAJ,VMAJ1,VMAJ2,VMAJ3,DATEMAJ,longitude,latitude,geo_score,geo_type,geo_adresse,geo_id,geo_ligne
006280234,00169,LE GAL,MARBRERIE DES PAYS DE VILAINE,ZONE INDUSTRIELLE DE BRIANGAUD,14 RUE DE BRIANGAUD,,35600 REDON,FRANCE,LE GAL,MARBRERIE DES PAYS DE VILAINE,ZI DE BRIANGAUD,14 RUE DE BRIANGAUD,,35600 REDON,,14,,RUE,DE BRIANGAUD,35600,,35,236,22,0,MARBRERIE DES PAYS DE VILAINE,1,O,201209,,2370Z,2012,02,3,2016,3,20120618,20120618,99,05,,P,S,O,,0,LE GAL,,,,,,00094,52,44103,,5710,4399D,2013,,,,12,20,2016,ETI,19620101,201209,3,S,O,,,,,,,,,,,,2012-07-12T00:00:00,-2.070161,47.671889,0.93,housenumber,14 Rue de Briangaud 35600 Redon,ADRNIVX_0000000358055284,G
007080773,00034,CARRIERS MEN ARVOR,,,LE VIEUX BOURG,,35550 ST JUST,FRANCE,CARRIERS MEN ARVOR,,,LE VIEUX BOURG,,35550 SAINT JUST,,,,,LE VIEUX BOURG,35550,,35,285,13,0,,1,O,201209,,2370Z,2008,02,3,2016,,19000101,19000101,NR,99,,P,S,O,,0,CARRIERS MEN ARVOR,,,,,,00018,52,44007,,5710,0811Z,2008,,,,21,50,2016,PME,19700101,201209,3,S,O,2014,4,0811Z,4673A,0811Z,4644Z,4941B,,,,,1970-01-01T00:00:00,-1.997442,47.760546,0.91,street,Le Vieux Bourg 35550 Saint-Just,35285_B109_62ec7e,G
007080773,00182,CARRIERS MEN ARVOR,DOLMEN RENNES PACE,,RUE JEAN HOLLIER,,35740 PACE,FRANCE,CARRIERS MEN ARVOR,DOLMEN RENNES PACE,,RUE JEAN HOLLIER,,35740 PACE,,,,RUE,JEAN HOLLIER,35740,,35,210,31,0,DOLMEN RENNES PACE,1,O,201209,,4673A,2008,02,3,2016,1,19950501,19950501,NR,99,,P,S,O,,0,CARRIERS MEN ARVOR,,,,,,00018,52,44007,,5710,0811Z,2008,,,,21,50,2016,PME,19700101,201209,3,S,O,2014,4,0811Z,4673A,0811Z,4644Z,4941B,,,,,2007-04-04T00:00:00,-1.76804,48.144913,0.91,street,Rue Jean Hollier 35740 Pacé,35210_0241_c2e820,G
007080773,00281,CARRIERS MEN ARVOR,DOLMEN DINARD,,ZONE ARTISANALE DE L HERMITAGE,,35780 LA RICHARDAIS,FRANCE,CARRIERS MEN ARVOR,DOLMEN DINARD,,ZAC DE L'HERMITAGE,,35780 LA RICHARDAIS,,,,,ZAC DE L'HERMITAGE,35780,,35,241,15,0,DOLMEN DINARD,1,O,201209,,4673A,2008,01,1,2016,1,20050201,20050201,NR,99,,P,S,O,,1,CARRIERS MEN ARVOR,,,,,,00018,52,44007,,5710,0811Z,2008,,,,21,50,2016,PME,19700101,201209,3,S,O,2014,4,0811Z,4673A,0811Z,4644Z,4941B,,,,,2007-04-04T00:00:00,-2.055357,48.60992,0.76,locality,"Rue de l'Hermitage, ZA DE L'HERMITAGE 35780 La Richardais",35241_XXXX_0512a3,G
007280191,00037,VINOUZE,,,7 CHEMIN DU THUET,,35600 REDON,FRANCE,VINOUZE,,,7 CHE DU THUET,,35600 REDON,,7,,,CHE DU THUET,35600,,35,236,22,1,,1,O,201209,,6820B,2008,00,NN,2006,1,20061227,20061227,,,,P,S,O,,0,VINOUZE,,,,,,00037,53,35236,,5599,6820B,2008,,,,00,0,2006,PME,19720101,201209,1,S,O,,,,,,,,,,,,2008-08-27T00:00:00,-2.082012,47.664923,0.8,housenumber,7 Chemin du Thuet 35600 Redon,ADRNIVX_0000000358056586,G
009731712,00015,ASS COPROPRIETE,,,18 RUE MICHELET,,35700 RENNES,FRANCE,ASS. COPROPRIETE,,,18 RUE MICHELET,,35700 RENNES,,18,,RUE,MICHELET,35700,,35,238,71,1,,0,O,201209,,8110Z,2008,01,1,2016,1,19941225,19941225,NR,99,,P,S,N,,0,ASS. COPROPRIETE,,,,,,00015,53,35238,,9110,8110Z,2008,,,,01,1,2016,PME,19941225,201209,1,S,N,,,,,,,,,,,,2016-02-08T00:00:00,-1.653745,48.116382,0.94,housenumber,18 Rue Michelet 35700 Rennes,ADRNIVX_0000000262164827,G
009732900,00015,SYND DE COPROPRIETE,,,11 SQUARE DES HAUTES OURMES,,35200 RENNES,FRANCE,SYND DE COPROPRIETE,,,11 SQ DES HAUTES OURMES,,35200 RENNES,,11,,SQ,DES HAUTES OURMES,35200,,35,238,71,1,,0,O,201209,,8110Z,2008,00,0,2004,1,19941225,19941225,NR,99,,P,S,N,,0,SYND DE COPROPRIETE,,,,,,00015,53,35238,,9110,8110Z,2008,,,,00,0,2004,,19941225,201209,1,S,N,,,,,,,,,,,,1999-01-04T00:00:00,-1.646294,48.088116,0.85,housenumber,11 Square des Hautes Ourmes 35200 Rennes,ADRNIVX_0000000262224471,G
009732918,00017,COPRO IM AR STEREDEN,,,15 QUAI DUGUAY TROUIN,,35400 ST MALO,FRANCE,COPRO IM AR STEREDEN,,,15 QUAI DUGUAY TROUIN,,35400 SAINT MALO,,15,,QUAI,DUGUAY TROUIN,35400,,35,288,44,1,,0,O,201209,,8110Z,2008,00,0,2005,1,19941225,19941225,NR,99,,P,S,N,,0,COPRO IM AR STEREDEN,,,,,,00017,53,35288,,9110,8110Z,2008,,,,00,0,2005,,19941225,201209,1,S,N,,,,,,,,,,,,2005-05-02T00:00:00,-2.01598,48.651776,0.93,housenumber,15 Quai Duguay-Trouin 35400 Saint-Malo,ADRNIVX_0000000261867383,G
009733122,00015,COPRO IM RES ARMORICAINE,,RESIDENCE ARMORICAINE,46 COURS PDT J FITZGERALD KENNEDY,,35000 RENNES,FRANCE,COPRO IM RES ARMORICAINE,,RESIDENCE ARMORICAINE,46 CRS PRESIDENT JF KENNEDY,,35000 RENNES,,46,,,CRS PRESIDENT JF KENNEDY,35000,,35,238,71,1,,0,O,201209,,8110Z,2008,01,1,2016,1,19941225,19941225,NR,99,,P,S,N,,0,COPRO IM RES ARMORICAINE,,,,,,00015,53,35238,,9110,8110Z,2008,,,,01,1,2016,PME,19941225,201209,1,S,N,,,,,,,,,,,,1995-11-24T00:00:00,-1.711789,48.121419,0.76,housenumber,46 Cours John Fitzgerald Kennedy 35000 Rennes,ADRNIVX_0000000350365021,N
009733189,00014,COPRO IM MERMOZ,,,55 BOULEVARD JEAN MERMOZ,,35136 ST JACQUES DE LA LANDE,FRANCE,COPRO IM MERMOZ,,,55 BD JEAN MERMOZ,,35136 SAINT JACQUES DE LA LANDE,,55,,BD,JEAN MERMOZ,35136,,35,281,31,1,,0,O,201209,,8110Z,2008,01,1,2016,1,19941225,19941225,NR,99,,P,S,N,,0,COPRO IM MERMOZ,,,,,,00014,53,35281,,9110,8110Z,2008,,,,01,1,2016,PME,19941225,201209,1,S,N,,,,,,,,,,,,2016-01-26T00:00:00,-1.694543,48.095638,0.81,housenumber,55 Boulevard Jean Mermoz 35136 Saint-Jacques-de-la-Lande,ADRNIVX_0000000262207647,G
009733205,00018,COPRO IM RES BEAUVALLON,,,CHE DE L HOTEL DE BEAUVALLON,,35800 DINARD,,COPRO IM RES BEAUVALLON,,,CHE DE L HOTEL DE BEAUVALLON,,35800 DINARD,,,,CHE,DE L HOTEL DE BEAUVALLON,35800,,35,093,22,1,,0,O,201209,,8110Z,2008,00,0,2004,1,19941225,19941225,NR,99,,P,S,N,,0,COPRO IM RES BEAUVALLON,,,,,,00018,53,35093,,9110,8110Z,2008,,,,00,0,2004,,19941225,201209,1,S,N,,,,,,,,,,,,1997-03-04T00:00:00,-2.061892,48.625178,0,municipality,,35093,
009733312,00012,COPRO IM NEPTUNE,,,RUE SADI CARNOT,,35800 DINARD,FRANCE,COPRO IM NEPTUNE,,,RUE SADI CARNOT,,35800 DINARD,,,,RUE,SADI CARNOT,35800,,35,093,22,1,,0,O,201209,,8110Z,2008,00,0,2004,1,19941225,19941225,NR,99,,P,S,N,,0,COPRO IM NEPTUNE,,,,,,00012,53,35093,,9110,8110Z,2008,,,,00,0,2004,,19941225,201209,1,S,N,,,,,,,,,,,,1996-09-25T00:00:00,-2.057176,48.634167,0.92,street,Rue Sadi Carnot 35800 Dinard,35093_1700_39ba41,G
009733759,00014,ASS COPROPRIETE,,,65 RUE DE SAINT ENOGAT,,35800 DINARD,FRANCE,ASS. COPROPRIETE,,,65 RUE DE SAINT ENOGAT,,35800 DINARD,,65,,RUE,DE SAINT ENOGAT,35800,,35,093,22,1,,0,O,201209,,8110Z,2008,01,1,2016,1,19941225,19941225,NR,99,,P,S,N,,0,ASS. COPROPRIETE,,,,,,00014,53,35093,,9110,8110Z,2008,,,,01,1,2016,PME,19941225,201209,1,S,N,,,,,,,,,,,,2017-03-14T00:00:00,-2.065216,48.635408,0.93,housenumber,65 Rue de Saint-Enogat 35800 Dinard,ADRNIVX_0000000261877304,G
009733767,00017,COPRO IM HOUSSAYE,,,RUE SAINT MICHEL,,35600 REDON,FRANCE,COPRO IM HOUSSAYE,,,RUE SAINT MICHEL,,35600 REDON,,,,RUE,SAINT MICHEL,35600,,35,236,22,1,,0,O,201209,,8110Z,2008,00,0,2004,1,19941225,19941225,NR,99,,P,S,N,,0,COPRO IM HOUSSAYE,,,,,,00017,53,35236,,9110,8110Z,2008,,,,00,0,2004,,19941225,201209,1,S,N,,,,,,,,,,,,2002-07-12T00:00:00,-2.077165,47.653124,0.93,street,Rue Saint-Michel 35600 Redon,35236_XXXX_0eb2b0,G
009733833,00017,COPRO IM CRYSTAL,,RESIDENCE CRYSTAL,15 RUE DE LA MALOUINE,,35800 DINARD,FRANCE,COPRO IM CRYSTAL,,LE CRYSTAL,15 RUE DE LA MALOUINE,,35800 DINARD,,15,,RUE,DE LA MALOUINE,35800,,35,093,22,1,,0,O,201209,,8110Z,2008,01,1,2016,1,19941225,19941225,NR,99,,P,S,N,,0,COPRO IM CRYSTAL,,,,,,00017,53,35093,,9110,8110Z,2008,,,,01,1,2016,PME,19941225,201209,1,S,N,,,,,,,,,,,,2003-06-30T00:00:00,-2.05766,48.637007,0.93,housenumber,15 Rue de la Malouine 35800 Dinard,ADRNIVX_0000000261874333,G
009733841,00010,COPRO IM GALLIC,,,2 BOULEVARD FEART,,35800 DINARD,FRANCE,COPRO IM GALLIC,,,2 BD FEART,,35800 DINARD,,2,,BD,FEART,35800,,35,093,22,1,,0,O,201209,,8110Z,2008,01,1,2016,1,19941225,19941225,NR,99,,P,S,N,,0,COPRO IM GALLIC,,,,,,00010,53,35093,,9110,8110Z,2008,,,,01,1,2016,PME,19941225,201209,1,S,N,,,,,,,,,,,,2007-06-07T00:00:00,-2.054859,48.634001,0.75,housenumber,2 Boulevard Feart 35800 Dinard,ADRNIVX_0000000261879885,G
009733932,00017,ASS COPROPRIETE IMM DE LA RONCERAY,,,AVENUE DE LA VICOMTE,,35800 DINARD,FRANCE,ASS. COPROPRIETE IMM. DE LA RONCERAY,,,AV DE LA VICOMTE,,35800 DINARD,,,,AV,DE LA VICOMTE,35800,,35,093,22,1,,0,O,201209,,8110Z,2008,00,0,2015,1,19941225,19941225,NR,99,,P,S,N,,0,ASS. COPROPRIETE IMM. DE LA RONCERAY,,,,,,00017,53,35093,,9110,8110Z,2008,,,,00,0,2015,PME,19941225,201209,1,S,N,,,,,,,,,,,,2008-11-13T00:00:00,-2.046551,48.623254,0.82,street,Avenue de la Vicomte 35800 Dinard,35093_XXXX_701bd6,G
009733981,00014,ASS COPROPRIETE,,,2 RUE DE BEAULIEU,,35600 REDON,FRANCE,ASS. COPROPRIETE,,,2 RUE DE BEAULIEU,,35600 REDON,,2,,RUE,DE BEAULIEU,35600,,35,236,22,1,,0,O,201209,,8110Z,2008,01,1,2010,1,19941225,19941225,NR,99,,P,S,N,,0,ASS. COPROPRIETE,,,,,,00014,53,35236,,9110,8110Z,2008,,,,01,1,2010,PME,19941225,201209,1,S,N,,,,,,,,,,,,2010-10-22T00:00:00,-2.072255,47.664008,0.92,housenumber,2 Rue de Beaulieu 35600 Redon,ADRNIVX_0000000358055196,G
009734005,00011,COPRO IM SAULES,,,RUE DES SAULES,,35800 DINARD,FRANCE,COPRO IM SAULES,,,RUE DES SAULES,,35800 DINARD,,,,RUE,DES SAULES,35800,,35,093,22,1,,0,O,201209,,8110Z,2008,01,1,2016,1,19941225,19941225,NR,99,,P,S,N,,0,COPRO IM SAULES,,,,,,00011,53,35093,,9110,8110Z,2008,,,,01,1,2016,PME,19941225,201209,1,S,N,,,,,,,,,,,,2007-07-02T00:00:00,-2.057816,48.633296,0.92,street,Rue des Saules 35800 Dinard,35093_1780_bbed53,G
009734013,00015,ASS COPROPRIETE,IMM BELLEVUE,,AVENUE GEORGE V,,35800 DINARD,FRANCE,ASS. COPROPRIETE,IMM. BELLEVUE,,AV GEORGE V,,35800 DINARD,,,,AV,GEORGE V,35800,,35,093,22,1,,0,O,201209,,8110Z,2008,01,NN,1994,1,19941225,19941225,NR,99,,P,S,N,,0,ASS. COPROPRIETE,,,,,,00015,53,35093,,9110,8110Z,2008,,,,01,NN,1994,,19941225,201209,1,S,N,,,,,,,,,,,,1995-12-15T00:00:00,-2.051362,48.632798,0.77,street,Avenue George V 35800 Dinard,35093_XXXX_36609e,G
009734237,00010,COPRO IM AV FRANC LIBRES,,,20 AVENUE DES FRANCAIS LIBRES,,35000 RENNES,FRANCE,COPRO IM AV FRANC LIBRES,,,20 AV DES FRANCAIS LIBRES,,35000 RENNES,,20,,AV,DES FRANCAIS LIBRES,35000,,35,238,71,1,,0,O,201209,,8110Z,2008,01,1,2016,1,19941225,19941225,NR,99,,P,S,N,,0,COPRO IM AV FRANC LIBRES,,,,,,00010,53,35238,,9110,8110Z,2008,,,,01,1,2016,PME,19941225,201209,1,S,N,,,,,,,,,,,,2003-10-20T00:00:00,-1.668021,48.105359,0.87,housenumber,20 Avenue des Français Libres 35000 Rennes,ADRNIVX_0000000262189689,G
009734377,00014,COPRO IM R FOUGERES,,,81 RUE DE FOUGERES,,35700 RENNES,FRANCE,COPRO IM R FOUGERES,,,81 RUE DE FOUGERES,,35700 RENNES,,81,,RUE,DE FOUGERES,35700,,35,238,71,1,,0,O,201209,,8110Z,2008,00,0,2010,1,19941225,19941225,NR,99,,P,S,N,,0,COPRO IM R FOUGERES,,,,,,00014,53,35238,,9110,8110Z,2008,,,,00,0,2010,PME,19941225,201209,1,S,N,,,,,,,,,,,,2011-01-24T00:00:00,-1.657255,48.124726,0.82,street,Rue de Fougères 35700 Rennes,35238_3160_d52bf0,G
009734385,00017,COPRO IM CORNES DE CERF,CORNE DE CERF,,1 BOULEVARD DES ROCHERS,,35500 VITRE,FRANCE,COPRO IM CORNES DE CERF,,CORNE DE CERF,1 BD DES ROCHERS,,35500 VITRE,,1,,BD,DES ROCHERS,35500,,35,360,32,1,,0,O,201209,,8110Z,2008,00,0,2009,1,19941225,19941225,NR,99,,P,S,N,,0,COPRO IM CORNES DE CERF,,,,,,00017,53,35360,,9110,8110Z,2008,,,,00,0,2009,PME,19941225,201209,1,S,N,,,,,,,,,,,,2012-03-01T00:00:00,-1.205884,48.122613,0.81,housenumber,1 Boulevard des Rochers 35500 Vitré,ADRNIVX_0000000324849506,G
009734849,00012,COPRO IM CONCORDE,,,12 PLACE DU MARCHE AUX LEGUMES,,35400 ST MALO,FRANCE,COPRO IM CONCORDE,,,12 PL DU MARCHE AUX LEGUMES,,35400 SAINT MALO,,12,,PL,DU MARCHE AUX LEGUMES,35400,,35,288,44,1,,0,O,201209,,8110Z,2008,01,1,2016,1,19941225,19941225,NR,99,,P,S,N,,0,COPRO IM CONCORDE,,,,,,00012,53,35288,,9110,8110Z,2008,,,,01,1,2016,PME,19941225,201209,1,S,N,,,,,,,,,,,,2016-08-11T00:00:00,-2.025812,48.648124,0.86,housenumber,12 Place du Marche aux Légumes 35400 Saint-Malo,ADRNIVX_0000000261869741,G
009735127,00012,COPRO IM PROMENADES,LES PROMENADES,,1 BOULEVARD DES ROCHERS,,35500 VITRE,FRANCE,COPRO IM PROMENADES,,LES PROMENADES,1 BD DES ROCHERS,,35500 VITRE,,1,,BD,DES ROCHERS,35500,,35,360,32,1,,0,O,201209,,8110Z,2008,01,1,2016,1,19941225,19941225,NR,99,,P,S,N,,0,COPRO IM PROMENADES,,,,,,00012,53,35360,,9110,8110Z,2008,,,,01,1,2016,PME,19941225,201209,1,S,N,,,,,,,,,,,,1995-11-24T00:00:00,-1.205884,48.122613,0.81,housenumber,1 Boulevard des Rochers 35500 Vitré,ADRNIVX_0000000324849506,G
009735721,00012,COPRO IM RES PRES,LES PRES,RESIDENCE,1 BOULEVARD DES ROCHERS,,35500 VITRE,FRANCE,COPRO IM RES PRES,,RESIDENCE LES PRES,1 BD DES ROCHERS,,35500 VITRE,,1,,BD,DES ROCHERS,35500,,35,360,32,1,,0,O,201209,,8110Z,2008,00,0,2014,1,19941225,19941225,NR,99,,P,S,N,,0,COPRO IM RES PRES,,,,,,00012,53,35360,,9110,8110Z,2008,,,,00,0,2014,PME,19941225,201209,1,S,N,,,,,,,,,,,,2010-06-17T00:00:00,-1.205884,48.122613,0.81,housenumber,1 Boulevard des Rochers 35500 Vitré,ADRNIVX_0000000324849506,G
009735838,00014,ASS COPRO SQUARE DES CLOTEAUX,1 A 6,,1 SQUARE DES CLOTEAUX,,35200 RENNES,FRANCE,ASS COPRO SQUARE DES CLOTEAUX,,1 A 6,1 SQ DES CLOTEAUX,,35200 RENNES,,1,,SQ,DES CLOTEAUX,35200,,35,238,71,1,,0,O,201209,,8110Z,2008,00,0,2004,1,19941225,19941225,NR,99,,P,S,N,,0,ASS COPRO SQUARE DES CLOTEAUX,,,,,,00014,53,35238,,9110,8110Z,2008,,,,00,0,2004,,19941225,201209,1,S,N,,,,,,,,,,,,1997-06-18T00:00:00,-1.695032,48.084909,0.83,housenumber,1 Square des Cloteaux 35200 Rennes,ADRNIVX_0000000262224905,G
009735895,00014,COPRO IM R ARGENTRE,13,,11 RUE ALAIN D ARGENTRE,,35370 ARGENTRE DU PLESSIS,FRANCE,COPRO IM R ARGENTRE,,,11 RUE ALAIN D'ARGENTRE 13,,35370 ARGENTRE DU PLESSIS,,11,,RUE,ALAIN D'ARGENTRE 13,35370,,35,006,18,1,,0,O,201209,,8110Z,2008,01,1,2008,1,19941225,19941225,NR,99,,P,S,N,,0,COPRO IM R ARGENTRE,,,,,,00014,53,35006,,9110,8110Z,2008,,,,01,1,2008,PME,19941225,201209,1,S,N,,,,,,,,,,,,2009-04-16T00:00:00,-1.149904,48.056991,0.84,housenumber,11 Rue Alain d'Argentré 35370 Argentré-du-Plessis,ADRNIVX_0000000262276415,G
009735937,00014,COPRO IM EMERAUDE,,,RUE JEAN MARIE DE LA MENNAIS,,35130 LA GUERCHE DE BRETAGNE,FRANCE,COPRO IM EMERAUDE,,,RUE JEAN MARIE LAMENNAIS,,35130 LA GUERCHE DE BRETAGNE,,,,RUE,JEAN MARIE LAMENNAIS,35130,,35,125,18,1,,0,O,201209,,8110Z,2008,00,0,2004,1,19941225,19941225,NR,99,,P,S,N,,0,COPRO IM EMERAUDE,,,,,,00014,53,35125,,9110,8110Z,2008,,,,00,0,2004,,19941225,201209,1,S,N,,,,,,,,,,,,1995-11-24T00:00:00,-1.224625,47.941038,0.85,street,Rue Jean Marie de la Mennais 35130 La Guerche-de-Bretagne,35125_XXXX_2095a4,G
009735952,00013,COPRO IMM LE GALLION,,,7 RUE DE LA PIONNIERE,,35800 DINARD,FRANCE,COPRO IMM LE GALLION,,,7 RUE DE LA PIONNIERE,,35800 DINARD,,7,,RUE,DE LA PIONNIERE,35800,,35,093,22,1,,0,O,201209,,8110Z,2008,01,1,2016,1,19941225,19941225,NR,99,,P,S,N,,0,COPRO IMM LE GALLION,,,,,,00013,53,35093,,9110,8110Z,2008,,,,01,1,2016,PME,19941225,201209,1,S,N,,,,,,,,,,,,2007-06-07T00:00:00,-2.05646,48.634939,0.93,housenumber,7 Rue de la Pionnière 35800 Dinard,ADRNIVX_0000000261876912,G
009736208,00019,COPRO IM PARC DE COULON,,,PARC DE COULON,,35160 MONTFORT SUR MEU,FRANCE,COPRO IM PARC DE COULON,,,PARC DE COULON,,35160 MONTFORT SUR MEU,,,,,PARC DE COULON,35160,,35,188,21,1,,0,O,201209,,8110Z,2008,00,0,2004,1,19941225,19941225,NR,99,,P,S,N,,0,COPRO IM PARC DE COULON,,,,,,00019,53,35188,,9110,8110Z,2008,,,,00,0,2004,,19941225,201209,1,S,N,,,,,,,,,,,,2001-09-05T00:00:00,-1.956028,48.135406,0.61,street,Rue de Coulon 35160 Montfort-sur-Meu,35188_0240_7c589c,G
009736216,00012,COPRO IM RES BELLEVUE,,,RESIDENCE BELLEVUE,BP 53,35160 MONTFORT SUR MEU,FRANCE,COPRO IM RES BELLEVUE,,,RES BELLEVUE,BP 53,35160 MONTFORT SUR MEU,,,,RES,BELLEVUE,35160,,35,188,21,1,,0,O,201209,,8110Z,2008,00,0,2010,1,19941225,19941225,NR,99,,P,S,N,,0,COPRO IM RES BELLEVUE,,,,,,00012,53,35188,,9110,8110Z,2008,,,,00,0,2010,PME,19941225,201209,1,S,N,,,,,,,,,,,,2007-08-20T00:00:00,-1.957158,48.137436,0.36,street,Rue de Belloir 35160 Montfort-sur-Meu,35188_0060_8c5653,G
009736935,00017,COPRO IM ST THOMAS,,,RUE ETIENNE MOREL,,35137 BEDEE,FRANCE,COPRO IM ST THOMAS,,,RUE ETIENNE MOREL,,35137 BEDEE,,,,RUE,ETIENNE MOREL,35137,,35,023,18,1,,0,O,201209,,8110Z,2008,00,0,2004,1,19941225,19941225,NR,99,,P,S,N,,0,COPRO IM ST THOMAS,,,,,,00017,53,35023,,9110,8110Z,2008,,,,00,0,2004,,19941225,201209,1,S,N,,,,,,,,,,,,2002-04-19T00:00:00,-1.949983,48.186743,0,municipality,,35023,
009737123,00019,COPRO IM R DUGUESCLIN,,,2 RUE DU GUESCLIN,,35000 RENNES,FRANCE,COPRO IM R DUGUESCLIN,,,2 RUE DUGUESCLIN,,35000 RENNES,,2,,RUE,DUGUESCLIN,35000,,35,238,71,1,,0,O,201209,,8110Z,2008,01,1,2016,1,19941225,19941225,NR,99,,P,S,N,,0,COPRO IM R DUGUESCLIN,,,,,,00019,53,35238,,9110,8110Z,2008,,,,01,1,2016,PME,19941225,201209,1,S,N,,,,,,,,,,,,2003-03-11T00:00:00,-1.680716,48.111791,0.93,housenumber,2 Rue Duguesclin 35000 Rennes,ADRNIVX_0000000349981332,G
009737149,00014,ASS. COPROPRIETE,,,13 PL SAINT HELIER,,35000 RENNES,,ASS. COPROPRIETE,,,13 PL SAINT HELIER,,35000 RENNES,,13,,PL,SAINT HELIER,35000,,35,238,71,1,,0,O,201209,,8110Z,2008,00,0,2005,1,19941225,19941225,NR,99,,P,S,N,,0,ASS. COPROPRIETE,,,,,,00014,53,35238,,9110,8110Z,2008,,,,00,0,2005,,19941225,201209,1,S,N,,,,,,,,,,,,2008-08-09T00:00:00,-1.671578,48.107331,0.75,housenumber,13 Rue Saint-Hélier 35000 Rennes,ADRNIVX_0000000262185584,G
009737156,00019,COPRO IM R CHALOTAIS,,,2 RUE DE LA CHALOTAIS,,35000 RENNES,FRANCE,COPRO IM R CHALOTAIS,,,2 RUE DE LA CHALOTAIS,,35000 RENNES,,2,,RUE,DE LA CHALOTAIS,35000,,35,238,71,1,,0,O,201209,,8110Z,2008,00,0,2004,1,19941225,19941225,NR,99,,P,S,N,,0,COPRO IM R CHALOTAIS,,,,,,00019,53,35238,,9110,8110Z,2008,,,,00,0,2004,,19941225,201209,1,S,N,,,,,,,,,,,,2002-02-22T00:00:00,-1.680432,48.109392,0.94,housenumber,2 Rue de la Chalotais 35000 Rennes,ADRNIVX_0000000262177526,G
009737172,00016,ASS COPROPRIETE,,,18 RUE DE LA MONNAIE,,35000 RENNES,FRANCE,ASS. COPROPRIETE,,,18 RUE DE LA MONNAIE,,35000 RENNES,,18,,RUE,DE LA MONNAIE,35000,,35,238,71,1,,0,O,201209,,8110Z,2008,01,1,2016,1,19941225,19941225,NR,99,,P,S,N,,0,ASS. COPROPRIETE,,,,,,00016,53,35238,,9110,8110Z,2008,,,,01,1,2016,PME,19941225,201209,1,S,N,,,,,,,,,,,,2006-01-03T00:00:00,-1.684158,48.111792,0.94,housenumber,18 Rue de la Monnaie 35000 Rennes,ADRNIVX_0000000262173877,G
009737180,00019,COPRO IM BD LIBERTE,,,24 BOULEVARD DE LA LIBERTE,,35000 RENNES,FRANCE,COPRO IM BD LIBERTE,,,24 BD DE LA LIBERTE,,35000 RENNES,,24,,BD,DE LA LIBERTE,35000,,35,238,71,1,,0,O,201209,,8110Z,2008,01,1,2016,1,19941225,19941225,NR,99,,P,S,N,,0,COPRO IM BD LIBERTE,,,,,,00019,53,35238,,9110,8110Z,2008,,,,01,1,2016,PME,19941225,201209,1,S,N,,,,,,,,,,,,2001-12-19T00:00:00,-1.678905,48.107525,0.85,housenumber,24 Boulevard de la Liberté 35000 Rennes,ADRNIVX_0000000262181164,G
009737230,00012,COPRO IM Q LAMENNAIS,,,5 QUAI LAMENNAIS,,35000 RENNES,FRANCE,COPRO IM Q LAMENNAIS,,,5 QUAI LAMENNAIS,,35000 RENNES,,5,,QUAI,LAMENNAIS,35000,,35,238,71,1,,0,O,201209,,8110Z,2008,00,0,2004,1,19941225,19941225,NR,99,,P,S,N,,0,COPRO IM Q LAMENNAIS,,,,,,00012,53,35238,,9110,8110Z,2008,,,,00,0,2004,,19941225,201209,1,S,N,,,,,,,,,,,,2000-04-27T00:00:00,-1.681011,48.109802,0.93,housenumber,5 Quai Lamennais 35000 Rennes,ADRNIVX_0000000262177593,G
009738741,00017,COPROPRIETE ODET,,,14 RUE DUPARQUIER,,35400 ST MALO,FRANCE,COPROPRIETE ODET,,,14 RUE DUPARQUIER,,35400 SAINT MALO,,14,,RUE,DUPARQUIER,35400,,35,288,44,1,,0,O,201209,,8110Z,2008,01,1,2008,1,19941225,19941225,NR,99,,P,S,N,,0,COPROPRIETE ODET,,,,,,00017,53,35288,,9110,8110Z,2008,,,,01,1,2008,PME,19941225,201209,1,S,N,,,,,,,,,,,,2008-10-24T00:00:00,-1.996388,48.63212,0.93,housenumber,14 Rue Duparquier 35400 Saint-Malo,ADRNIVX_0000000261885357,G
009738832,00014,COPRO IM R FEUTERIES,,,33 RUE DES FEUTERIES,,35300 FOUGERES,FRANCE,COPRO IM R FEUTERIES,,,33 RUE DES FEUTERIES,,35300 FOUGERES,,33,,RUE,DES FEUTERIES,35300,,35,115,41,1,,0,O,201209,,8110Z,2008,00,0,2004,1,19941225,19941225,NR,99,,P,S,N,,0,COPRO IM R FEUTERIES,,,,,,00014,53,35115,,9110,8110Z,2008,,,,00,0,2004,,19941225,201209,1,S,N,,,,,,,,,,,,1997-02-11T00:00:00,-1.196562,48.353722,0.93,housenumber,33 Rue des Feuteries 35300 Fougères,ADRNIVX_0000002009670222,G
009739020,00015,COPRO IM R CHARCOT,N 42 44 46,,RUE DU COMMANDANT CHARCOT,,35000 RENNES,FRANCE,COPRO IM R CHARCOT,,N 42 - 44 - 46,RUE COMMANDANT CHARCOT,,35000 RENNES,,,,RUE,COMMANDANT CHARCOT,35000,,35,238,71,1,,0,O,201209,,8110Z,2008,01,1,2016,1,19941225,19941225,NR,99,,P,S,N,,0,COPRO IM R CHARCOT,,,,,,00015,53,35238,,9110,8110Z,2008,,,,01,1,2016,PME,19941225,201209,1,S,N,,,,,,,,,,,,2003-05-19T00:00:00,-1.697433,48.115599,0.94,street,Rue Commandant Charcot 35000 Rennes,35238_2110_5d13c8,G
009739038,00017,ASS COPROPRIETE,,,183 RUE DE FOUGERES,,35700 RENNES,FRANCE,ASS. COPROPRIETE,,,183 RUE DE FOUGERES,,35700 RENNES,,183,,RUE,DE FOUGERES,35700,,35,238,71,1,,0,O,201209,,8110Z,2008,00,0,2014,1,19941225,19941225,NR,99,,P,S,N,,0,ASS. COPROPRIETE,,,,,,00017,53,35238,,9110,8110Z,2008,,,,00,0,2014,PME,19941225,201209,1,S,N,,,,,,,,,,,,2015-09-21T00:00:00,-1.661179,48.122613,0.95,housenumber,183 Rue de Fougères 35700 Rennes,ADRNIVX_0000000262153625,G
009739046,00010,COPRO IM BD JEANNE D ARC,N 1 1B 1T,,BOULEVARD JEANNE D ARC,,35000 RENNES,FRANCE,COPRO IM BD JEANNE D ARC,,N 1 - 1B - 1T,BD JEANNE D ARC,,35000 RENNES,,,,BD,JEANNE D ARC,35000,,35,238,71,1,,0,O,201209,,8110Z,2008,00,0,2009,1,19941225,19941225,NR,99,,P,S,N,,0,COPRO IM BD JEANNE D ARC,,,,,,00010,53,35238,,9110,8110Z,2008,,,,00,0,2009,PME,19941225,201209,1,S,N,,,,,,,,,,,,2011-05-13T00:00:00,-1.658407,48.111233,0.82,street,Boulevard Jeanne d'Arc 35000 Rennes,35238_XXXX_65ba8e,G
009739061,00019,ASS COPROPRIETE,,,46 BOULEVARD RAYMOND POINCARE,,35700 RENNES,FRANCE,ASS COPROPRIETE,,,46 BD RAYMOND POINCARE,,35700 RENNES,,46,,BD,RAYMOND POINCARE,35700,,35,238,71,1,,0,O,201209,,8110Z,2008,01,1,2016,1,19941225,19941225,NR,99,,P,S,N,,0,ASS COPROPRIETE,,,,,,00019,53,35238,,9110,8110Z,2008,,,,01,1,2016,PME,19941225,201209,1,S,N,,,,,,,,,,,,2001-12-19T00:00:00,-1.653131,48.124417,0.86,housenumber,46 Boulevard Raymond Poincaré 35700 Rennes,ADRNIVX_0000000262153590,G
009739095,00017,ASS COPROPRIETE,,,57 RUE SAINT HELIER,,35000 RENNES,FRANCE,ASS COPROPRIETE,,,57 RUE SAINT HELIER,,35000 RENNES,,57,,RUE,SAINT HELIER,35000,,35,238,71,1,,0,O,201209,,8110Z,2008,00,0,2004,1,19941225,19941225,NR,99,,P,S,N,,0,ASS COPROPRIETE,,,,,,00017,53,35238,,9110,8110Z,2008,,,,00,0,2004,,19941225,201209,1,S,N,,,,,,,,,,,,2003-05-27T00:00:00,-1.66814,48.106522,0.95,housenumber,57 Rue Saint-Hélier 35000 Rennes,ADRNIVX_0000000262185641,G
009739400,00019,COPRO IM AV BRIAND,,,1 AVENUE ARISTIDE BRIAND,,35000 RENNES,FRANCE,COPRO IM AV BRIAND,,,1 AV ARISTIDE BRIAND,,35000 RENNES,,1,,AV,ARISTIDE BRIAND,35000,,35,238,71,1,,0,O,201209,,8110Z,2008,00,0,2007,1,19941225,19941225,NR,99,,P,S,N,,0,COPRO IM AV BRIAND,,,,,,00019,53,35238,,9110,8110Z,2008,,,,00,0,2007,,19941225,201209,1,S,N,,,,,,,,,,,,2008-03-20T00:00:00,-1.67097,48.110294,0.86,housenumber,1 Avenue Aristide Briand 35000 Rennes,ADRNIVX_0000000262177171,G
009739418,00011,ASS COPROPRIETE,,,3 RUE JULES SIMON,,35000 RENNES,FRANCE,ASS COPROPRIETE,,,3 RUE JULES SIMON,,35000 RENNES,,3,,RUE,JULES SIMON,35000,,35,238,71,1,,0,O,201209,,8110Z,2008,00,0,2014,1,19941225,19941225,NR,99,,P,S,N,,0,ASS COPROPRIETE,,,,,,00011,53,35238,,9110,8110Z,2008,,,,00,0,2014,PME,19941225,201209,1,S,N,,,,,,,,,,,,2011-02-13T00:00:00,-1.67908,48.109048,0.94,housenumber,3 Rue Jules Simon 35000 Rennes,ADRNIVX_0000000262177576,G
009739764,00018,ASS COPROPRIETE,,,1 RUE DE LA CRECHE,,35000 RENNES,FRANCE,ASS COPROPRIETE,,,1 RUE DE LA CRECHE,,35000 RENNES,,1,,RUE,DE LA CRECHE,35000,,35,238,71,1,,0,O,201209,,8110Z,2008,01,1,2016,1,19941225,19941225,NR,99,,P,S,N,,0,ASS COPROPRIETE,,,,,,00018,53,35238,,9110,8110Z,2008,,,,01,1,2016,PME,19941225,201209,1,S,N,,,,,,,,,,,,2016-03-29T00:00:00,-1.667848,48.106525,0.94,housenumber,1 Rue de la Crèche 35000 Rennes,ADRNIVX_0000000262185511,G
009739772,00011,ASS COPRO 19 & 21 RUE DE LA CROIX CARR,19 & 21,,19 RUE DE LA CROIX CARREE,,35700 RENNES,FRANCE,ASS COPRO 19 & 21 RUE DE LA CROIX CARR,,19 & 21,19 RUE DE LA CROIX CARREE,,35700 RENNES,,19,,RUE,DE LA CROIX CARREE,35700,,35,238,71,1,,0,O,201209,,8110Z,2008,01,1,2016,1,19941225,19941225,NR,99,,P,S,N,,0,ASS COPRO 19 & 21 RUE DE LA CROIX CARREE,,,,,,00011,53,35238,,9110,8110Z,2008,,,,01,1,2016,PME,19941225,201209,1,S,N,,,,,,,,,,,,2004-12-17T00:00:00,-1.669896,48.119261,0.94,housenumber,19 Rue de la Croix Carrée 35700 Rennes,ADRNIVX_0000000262158714,G
009739780,00014,ASS COPROPRIETE,,,5 RUE DU DOCTEUR ROUX,,35000 RENNES,FRANCE,ASS COPROPRIETE,,,5 RUE DU DOCTEUR ROUX,,35000 RENNES,,5,,RUE,DU DOCTEUR ROUX,35000,,35,238,71,1,,0,O,201209,,8110Z,2008,01,1,2016,1,19941225,19941225,NR,99,,P,S,N,,0,ASS COPROPRIETE,,,,,,00014,53,35238,,9110,8110Z,2008,,,,01,1,2016,PME,19941225,201209,1,S,N,,,,,,,,,,,,2016-03-29T00:00:00,-1.683289,48.103301,0.94,housenumber,5 Rue du Docteur Roux 35000 Rennes,ADRNIVX_0000000262190068,G
009739822,00014,COPRO IM R BALZAC,,,3 RUE HONORE DE BALZAC,,35700 RENNES,FRANCE,COPRO IM R BALZAC,,,3 RUE HONORE DE BALZAC,,35700 RENNES,,3,,RUE,HONORE DE BALZAC,35700,,35,238,71,1,,0,O,201209,,8110Z,2008,01,1,2016,1,19941225,19941225,NR,99,,P,S,N,,0,COPRO IM R BALZAC,,,,,,00014,53,35238,,9110,8110Z,2008,,,,01,1,2016,PME,19941225,201209,1,S,N,,,,,,,,,,,,2016-03-29T00:00:00,-1.661358,48.115272,0.94,housenumber,3 Rue Honoré de Balzac 35700 Rennes,ADRNIVX_0000000262165119,G
009740382,00016,COPRO IM AV LIBRES FRANCAIS,3 13,A,AVENUE DES FRANCAIS LIBRES,,35000 RENNES,FRANCE,COPRO IM AV LIBRES FRANCAIS,,3 A 13,AV DES FRANCAIS LIBRES,,35000 RENNES,,,,AV,DES FRANCAIS LIBRES,35000,,35,238,71,1,,0,O,201209,,8110Z,2008,01,1,2016,1,19941225,19941225,NR,99,,P,S,N,,0,COPRO IM AV LIBRES FRANCAIS,,,,,,00016,53,35238,,9110,8110Z,2008,,,,01,1,2016,PME,19941225,201209,1,S,N,,,,,,,,,,,,2016-01-05T00:00:00,-1.669378,48.105342,0.86,street,Avenue des Français Libres 35000 Rennes,35238_XXXX_cdfd1f,G
009740390,00019,COPRO IM AV BARTHOU,,,21 AVENUE LOUIS BARTHOU,,35000 RENNES,FRANCE,COPRO IM AV BARTHOU,,,21 AV LOUIS BARTHOU,,35000 RENNES,,21,,AV,LOUIS BARTHOU,35000,,35,238,71,1,,0,O,201209,,8110Z,2008,01,1,2016,1,19941225,19941225,NR,99,,P,S,N,,0,COPRO IM AV BARTHOU,,,,,,00019,53,35238,,9110,8110Z,2008,,,,01,1,2016,PME,19941225,201209,1,S,N,,,,,,,,,,,,2016-01-26T00:00:00,-1.670964,48.105686,0.85,housenumber,21 Avenue Louis Barthou 35000 Rennes,ADRNIVX_0000000262185571,G
009740408,00019,COPRO IM AV BARTHOU,,,23 AVENUE LOUIS BARTHOU,,35000 RENNES,FRANCE,COPRO IM AV BARTHOU,,,23 AV LOUIS BARTHOU,,35000 RENNES,,23,,AV,LOUIS BARTHOU,35000,,35,238,71,1,,0,O,201209,,8110Z,2008,01,1,2016,1,19941225,19941225,NR,99,,P,S,N,,0,COPRO IM AV BARTHOU,,,,,,00019,53,35238,,9110,8110Z,2008,,,,01,1,2016,PME,19941225,201209,1,S,N,,,,,,,,,,,,2016-01-26T00:00:00,-1.67103,48.105547,0.85,housenumber,23 Avenue Louis Barthou 35000 Rennes,ADRNIVX_0000000262185572,G
009740416,00012,COPRO IM AV BARTHOU,,,8 AVENUE LOUIS BARTHOU,,35000 RENNES,FRANCE,COPRO IM AV BARTHOU,,,8 AV LOUIS BARTHOU,,35000 RENNES,,8,,AV,LOUIS BARTHOU,35000,,35,238,71,1,,0,O,201209,,8110Z,2008,01,1,2016,1,19941225,19941225,NR,99,,P,S,N,,0,COPRO IM AV BARTHOU,,,,,,00012,53,35238,,9110,8110Z,2008,,,,01,1,2016,PME,19941225,201209,1,S,N,,,,,,,,,,,,2016-01-26T00:00:00,-1.670971,48.106219,0.84,housenumber,8 Avenue Louis Barthou 35000 Rennes,ADRNIVX_0000000262185557,G
009740424,00016,ASS COPROPRIETE,,,26 RUE SAINT HELIER,,35000 RENNES,FRANCE,ASS COPROPRIETE,,,26 RUE SAINT HELIER,,35000 RENNES,,26,,RUE,SAINT HELIER,35000,,35,238,71,1,,0,O,201209,,8110Z,2008,01,1,2016,1,19941225,19941225,NR,99,,P,S,N,,0,ASS COPROPRIETE,,,,,,00016,53,35238,,9110,8110Z,2008,,,,01,1,2016,PME,19941225,201209,1,S,N,,,,,,,,,,,,2016-01-26T00:00:00,-1.67179,48.107234,0.95,housenumber,26 Rue Saint-Hélier 35000 Rennes,ADRNIVX_0000000262185804,G
009740432,00019,ASS COPROPRIETE,,,77 RUE SAINT HELIER,,35000 RENNES,FRANCE,ASS COPROPRIETE,,,77 RUE SAINT HELIER,,35000 RENNES,,77,,RUE,SAINT HELIER,35000,,35,238,71,1,,0,O,201209,,8110Z,2008,01,1,2016,1,19941225,19941225,NR,99,,P,S,N,,0,ASS COPROPRIETE,,,,,,00019,53,35238,,9110,8110Z,2008,,,,01,1,2016,PME,19941225,201209,1,S,N,,,,,,,,,,,,2016-01-26T00:00:00,-1.666693,48.106094,0.95,housenumber,77 Rue Saint-Hélier 35000 Rennes,ADRNIVX_0000000262185660,G
009740440,00012,ASS COPROPRIETE,,,17 RUE PAUL BERT,,35000 RENNES,FRANCE,ASS COPROPRIETE,,,17 RUE PAUL BERT,,35000 RENNES,,17,,RUE,PAUL BERT,35000,,35,238,71,1,,0,O,201209,,8110Z,2008,01,1,2016,1,19941225,19941225,NR,99,,P,S,N,,0,ASS COPROPRIETE,,,,,,00012,53,35238,,9110,8110Z,2008,,,,01,1,2016,PME,19941225,201209,1,S,N,,,,,,,,,,,,2016-01-26T00:00:00,-1.669776,48.110697,0.94,housenumber,17 Rue Paul Bert 35000 Rennes,ADRNIVX_0000000262177288,G
009740457,00016,ASS COPROPRIETE,,,22 RUE PAUL BERT,,35000 RENNES,FRANCE,ASS COPROPRIETE,,,22 RUE PAUL BERT,,35000 RENNES,,22,,RUE,PAUL BERT,35000,,35,238,71,1,,0,O,201209,,8110Z,2008,01,1,2016,1,19941225,19941225,NR,99,,P,S,N,,0,ASS COPROPRIETE,,,,,,00016,53,35238,,9110,8110Z,2008,,,,01,1,2016,PME,19941225,201209,1,S,N,,,,,,,,,,,,2004-12-13T00:00:00,-1.66986,48.110614,0.94,housenumber,22 Rue Paul Bert 35000 Rennes,ADRNIVX_0000000262177293,G
009740465,00019,COPROPRIETE IMPASSE DU COUEDIC,,,1 PASSAGE DU COUEDIC,,35000 RENNES,FRANCE,COPROPRIETE IMPASSE DU COUEDIC,,,1 PAS DU COUEDIC,,35000 RENNES,,1,,PAS,DU COUEDIC,35000,,35,238,71,1,,0,O,201209,,8110Z,2008,01,1,2016,1,19951225,19951225,NR,99,,P,S,N,,0,COPROPRIETE IMPASSE DU COUEDIC,,,,,,00019,53,35238,,9110,8110Z,2008,,,,01,1,2016,PME,19951225,201209,1,S,N,,,,,,,,,,,,2016-01-26T00:00:00,-1.683025,48.103451,0.82,housenumber,1 Passage du Couedic 35000 Rennes,ADRNIVX_0000000262190049,G
009740473,00013,COPRO IM AV JANVIER,,,24 AVENUE JEAN JANVIER,,35000 RENNES,FRANCE,COPRO IM AV JANVIER,,,24 AV JEAN JANVIER,,35000 RENNES,,24,,AV,JEAN JANVIER,35000,,35,238,71,1,,0,O,201209,,8110Z,2008,01,1,2016,1,19941225,19941225,NR,99,,P,S,N,,0,COPRO IM AV JANVIER,,,,,,00013,53,35238,,9110,8110Z,2008,,,,01,1,2016,PME,19941225,201209,1,S,N,,,,,,,,,,,,2016-02-01T00:00:00,-1.672941,48.105229,0.85,housenumber,24 Avenue Jean Janvier 35000 Rennes,ADRNIVX_0000000262189866,G
009740481,00016,COPRO IM PL ST GERMAIN,7 S GERMAIN,,1 RUE DES FRANCS BOURGEOIS,,35000 RENNES,FRANCE,COPRO IM PL ST GERMAIN,,7 S GERMAIN,1 RUE DES FRANCS BOURGEOIS,,35000 RENNES,,1,,RUE,DES FRANCS BOURGEOIS,35000,,35,238,71,1,,0,O,201209,,8110Z,2008,01,1,2016,1,19941225,19941225,NR,99,,P,S,N,,0,COPRO IM PL ST GERMAIN,,,,,,00016,53,35238,,9110,8110Z,2008,,,,01,1,2016,PME,19941225,201209,1,S,N,,,,,,,,,,,,2016-02-01T00:00:00,-1.675735,48.11046,0.93,housenumber,1 Rue des Francs Bourgeois 35000 Rennes,ADRNIVX_0000000262177418,G
009740507,00018,COPRO IM R ST MELAINE,7 9 11,,RUE SAINT MELAINE,,35000 RENNES,FRANCE,COPRO IM R ST MELAINE,,7-9-11,RUE SAINT MELAINE,,35000 RENNES,,,,RUE,SAINT MELAINE,35000,,35,238,71,1,,0,O,201209,,8110Z,2008,00,0,2014,1,19941225,19941225,NR,99,,P,S,N,,0,COPRO IM R ST MELAINE,,,,,,00018,53,35238,,9110,8110Z,2008,,,,00,0,2014,PME,19941225,201209,1,S,N,,,,,,,,,,,,2004-12-17T00:00:00,-1.676909,48.114847,0.94,street,Rue Saint-Melaine 35000 Rennes,35238_XXXX_e7b2e4,G
009740523,00015,COPRO IM BD LIBERTE,,,4 BOULEVARD DE LA LIBERTE,,35000 RENNES,FRANCE,COPRO IM BD LIBERTE,,,4 BD DE LA LIBERTE,,35000 RENNES,,4,,BD,DE LA LIBERTE,35000,,35,238,71,1,,0,O,201209,,8110Z,2008,01,1,2016,1,19941225,19941225,NR,99,,P,S,N,,0,COPRO IM BD LIBERTE,,,,,,00015,53,35238,,9110,8110Z,2008,,,,01,1,2016,PME,19941225,201209,1,S,N,,,,,,,,,,,,2016-02-03T00:00:00,-1.675855,48.107786,0.84,housenumber,4 Boulevard de la Liberté 35000 Rennes,ADRNIVX_0000000262181050,G
009740531,00018,COPRO IM R MICHELET,,17 RUE MICHELET,29 RUE DE BELLEVUE,,35700 RENNES,FRANCE,COPRO IM R MICHELET,,17 RUE MICHELET,29 RUE DE BELLEVUE,,35700 RENNES,,29,,RUE,DE BELLEVUE,35700,,35,238,71,1,,0,O,201209,,8110Z,2008,01,1,2016,1,19941225,19941225,NR,99,,P,S,N,,0,COPRO IM R MICHELET,,,,,,00018,53,35238,,9110,8110Z,2008,,,,01,1,2016,PME,19941225,201209,1,S,N,,,,,,,,,,,,2016-02-03T00:00:00,-1.653084,48.116577,0.94,housenumber,29 Rue de Bellevue 35700 Rennes,ADRNIVX_0000000262164772,G
009740556,00015,COPROPRIETE IMM R ALMA ACACIAS,,,120 RUE DE L ALMA,,35000 RENNES,FRANCE,COPROPRIETE IMM. R ALMA ACACIAS,,,120 RUE DE L ALMA,,35000 RENNES,,120,,RUE,DE L ALMA,35000,,35,238,71,1,,0,O,201209,,8110Z,2008,01,1,2016,1,19951225,19951225,NR,99,,P,S,N,,0,COPROPRIETE IMM. R ALMA ACACIAS,,,,,,00015,53,35238,,9110,8110Z,2008,,,,01,1,2016,PME,19951225,201209,1,S,N,,,,,,,,,,,,2016-02-03T00:00:00,-1.675026,48.096615,0.95,housenumber,120 Rue de l'Alma 35000 Rennes,ADRNIVX_0000000262206867,G
009740598,00017,COPRO IM R SACHER,,,14 RUE FREDERIC SACHER,,35000 RENNES,FRANCE,COPRO IM R SACHER,,,14 RUE FREDERIC SACHER,,35000 RENNES,,14,,RUE,FREDERIC SACHER,35000,,35,238,71,1,,0,O,201209,,8110Z,2008,01,1,2016,1,19941225,19941225,NR,99,,P,S,N,,0,COPRO IM R SACHER,,,,,,00017,53,35238,,9110,8110Z,2008,,,,01,1,2016,PME,19941225,201209,1,S,N,,,,,,,,,,,,2015-12-29T00:00:00,-1.695307,48.111638,0.94,housenumber,14 Rue Frédéric Sacher 35000 Rennes,ADRNIVX_0000000329477549,G
009740630,00018,COPRO IM BD ROOSEVELT,,,56 BOULEVARD FRANKLIN ROOSEVELT,,35200 RENNES,FRANCE,COPRO IM BD ROOSEVELT,,,56 BD FRANKLIN ROOSEVELT,,35200 RENNES,,56,,BD,FRANKLIN ROOSEVELT,35200,,35,238,71,1,,0,O,201209,,8110Z,2008,00,0,2014,1,19941225,19941225,NR,99,,P,S,N,,0,COPRO IM BD ROOSEVELT,,,,,,00018,53,35238,,9110,8110Z,2008,,,,00,0,2014,PME,19941225,201209,1,S,N,,,,,,,,,,,,2006-10-25T00:00:00,-1.656039,48.097858,0.87,housenumber,56 Boulevard Franklin Roosevelt 35200 Rennes,ADRNIVX_0000000262206289,G
009740648,00010,COPROPRIETE IMMEUBLE R ST ALPHONSE,,,1 RUE SAINT ALPHONSE,,35000 RENNES,FRANCE,COPROPRIETE IMMEUBLE R ST ALPHONSE,,,1 RUE SAINT ALPHONSE,,35000 RENNES,,1,,RUE,SAINT ALPHONSE,35000,,35,238,71,1,,0,O,201209,,8110Z,2008,01,1,2016,1,19951225,19951225,NR,99,,P,S,N,,0,COPROPRIETE IMMEUBLE R ST ALPHONSE,,,,,,00010,53,35238,,9110,8110Z,2008,,,,01,1,2016,PME,19951225,201209,1,S,N,,,,,,,,,,,,2016-02-05T00:00:00,-1.667759,48.115472,0.93,housenumber,1 Rue Saint-Alphonse 35000 Rennes,ADRNIVX_0000000262165250,G
009740655,00015,ASS COPRO 2 & 4 R DE LA CROIX CARREE,,,2 RUE DE LA CROIX CARREE,,35700 RENNES,FRANCE,ASS COPRO 2 & 4 R DE LA CROIX CARREE,,,2 RUE DE LA CROIX CARREE,,35700 RENNES,,2,,RUE,DE LA CROIX CARREE,35700,,35,238,71,1,,0,O,201209,,8110Z,2008,01,1,2016,1,19951225,19951225,NR,99,,P,S,N,,0,ASS COPRO 2 & 4 R DE LA CROIX CARREE,,,,,,00015,53,35238,,9110,8110Z,2008,,,,01,1,2016,PME,19951225,201209,1,S,N,,,,,,,,,,,,2016-02-08T00:00:00,-1.670127,48.118597,0.94,housenumber,2 Rue de la Croix Carrée 35700 Rennes,ADRNIVX_0000000262158698,G
009740663,00019,COPROPRIETE IMM. CASTEL ST MARTIN,,,4 CASTEL ST MARTIN,,35000 RENNES,,COPROPRIETE IMM. CASTEL ST MARTIN,,,4 CASTEL ST MARTIN,,35000 RENNES,,4,,,CASTEL ST MARTIN,35000,,35,238,71,1,,0,O,201209,,8110Z,2008,01,1,2016,1,19951225,19951225,NR,99,,P,S,N,,0,COPROPRIETE IMM. CASTEL ST MARTIN,,,,,,00019,53,35238,,9110,8110Z,2008,,,,01,1,2016,PME,19951225,201209,1,S,N,,,,,,,,,,,,2016-01-05T00:00:00,-1.676468,48.11917,0.44,street,Ruelle du Moulin Saint-Martin 35700 Rennes,35238_XXXX_821c6e,G
009740671,00012,COPRO IM AV LIBRES FRANCAIS,6 ET 8,,AVENUE DES FRANCAIS LIBRES,,35000 RENNES,FRANCE,COPRO IM AV LIBRES FRANCAIS,,6 ET 8,AV DES FRANCAIS LIBRES,,35000 RENNES,,,,AV,DES FRANCAIS LIBRES,35000,,35,238,71,1,,0,O,201209,,8110Z,2008,01,1,2016,1,19941225,19941225,NR,99,,P,S,N,,0,COPRO IM AV LIBRES FRANCAIS,,,,,,00012,53,35238,,9110,8110Z,2008,,,,01,1,2016,PME,19941225,201209,1,S,N,,,,,,,,,,,,2016-02-08T00:00:00,-1.669378,48.105342,0.86,street,Avenue des Français Libres 35000 Rennes,35238_XXXX_cdfd1f,G
009740697,00017,COPRO IM CHATEAU DE MAUREPA,,CHATEAU DE MAUREPAS,RUE DE FOUGERES,,35700 RENNES,FRANCE,COPRO IM CHATEAU DE MAUREPA,,CHATEAU DE MAUREPAS,RUE DE FOUGERES,,35700 RENNES,,,,RUE,DE FOUGERES,35700,,35,238,71,1,,0,O,201209,,8110Z,2008,00,0,2016,1,19941225,19941225,NR,99,,P,S,N,,0,COPRO IM CHATEAU DE MAUREPA,,,,,,00017,53,35238,,9110,8110Z,2008,,,,00,0,2016,PME,19941225,201209,1,S,N,,,,,,,,,,,,2016-01-05T00:00:00,-1.657255,48.124726,0.95,street,Rue de Fougères 35700 Rennes,35238_3160_d52bf0,G
009740713,00012,COPROPRIETE IMM R BARBES,,,6 RUE ARMAND BARBES,,35000 RENNES,FRANCE,COPROPRIETE IMM. R BARBES,,,6 RUE ARMAND BARBES,,35000 RENNES,,6,,RUE,ARMAND BARBES,35000,,35,238,71,1,,0,O,201209,,8110Z,2008,01,1,2016,1,19951225,19951225,NR,99,,P,S,N,,0,COPROPRIETE IMM. R BARBES,,,,,,00012,53,35238,,9110,8110Z,2008,,,,01,1,2016,PME,19951225,201209,1,S,N,,,,,,,,,,,,2016-01-05T00:00:00,-1.663176,48.110714,0.94,housenumber,6 Rue Armand Barbès 35000 Rennes,ADRNIVX_0000000262177047,G
009740721,00015,COPRO IM AV BARTHOU,,,10 AVENUE LOUIS BARTHOU,,35000 RENNES,FRANCE,COPRO IM AV BARTHOU,,,10 AV LOUIS BARTHOU,,35000 RENNES,,10,,AV,LOUIS BARTHOU,35000,,35,238,71,1,,0,O,201209,,8110Z,2008,01,1,2016,1,19941225,19941225,NR,99,,P,S,N,,0,COPRO IM AV BARTHOU,,,,,,00015,53,35238,,9110,8110Z,2008,,,,01,1,2016,PME,19941225,201209,1,S,N,,,,,,,,,,,,2016-02-08T00:00:00,-1.67098,48.106128,0.85,housenumber,10 Avenue Louis Barthou 35000 Rennes,ADRNIVX_0000000262185560,G
009740754,00016,COPRO IM AV BARTHOU,,,19 AVENUE LOUIS BARTHOU,,35000 RENNES,FRANCE,COPRO IM AV BARTHOU,,,19 AV LOUIS BARTHOU,,35000 RENNES,,19,,AV,LOUIS BARTHOU,35000,,35,238,71,1,,0,O,201209,,8110Z,2008,01,1,2016,1,19941225,19941225,NR,99,,P,S,N,,0,COPRO IM AV BARTHOU,,,,,,00016,53,35238,,9110,8110Z,2008,,,,01,1,2016,PME,19941225,201209,1,S,N,,,,,,,,,,,,2016-02-08T00:00:00,-1.670918,48.105828,0.85,housenumber,19 Avenue Louis Barthou 35000 Rennes,ADRNIVX_0000000262185570,G
009740770,00012,COPRO IM SULLY,,LE SULLY,AVENUE ARISTIDE BRIAND,,35000 RENNES,FRANCE,COPRO IM SULLY,,LE SULLY,AV ARISTIDE BRIAND,,35000 RENNES,,,,AV,ARISTIDE BRIAND,35000,,35,238,71,1,,0,O,201209,,8110Z,2008,00,0,2016,1,19941225,19941225,NR,99,,P,S,N,,0,COPRO IM SULLY,,,,,,00012,53,35238,,9110,8110Z,2008,,,,00,0,2016,PME,19941225,201209,1,S,N,,,,,,,,,,,,2016-02-08T00:00:00,-1.662751,48.110354,0.85,street,Avenue Aristide Briand 35000 Rennes,35238_XXXX_1f11d6,G
009740804,00019,COPRO IM AV LIBRES FRANCAIS,,,1 AVENUE DES FRANCAIS LIBRES,,35000 RENNES,FRANCE,COPRO IM AV LIBRES FRANCAIS,,,1 AV DES FRANCAIS LIBRES,,35000 RENNES,,1,,AV,DES FRANCAIS LIBRES,35000,,35,238,71,1,,0,O,201209,,8110Z,2008,01,1,2016,1,19941225,19941225,NR,99,,P,S,N,,0,COPRO IM AV LIBRES FRANCAIS,,,,,,00019,53,35238,,9110,8110Z,2008,,,,01,1,2016,PME,19941225,201209,1,S,N,,,,,,,,,,,,2016-02-03T00:00:00,-1.670951,48.105172,0.86,housenumber,1 Avenue des Français Libres 35000 Rennes,ADRNIVX_0000000262189669,G
009740812,00012,COPRO IM BD METZ,,,108 BOULEVARD DE METZ,,35700 RENNES,FRANCE,COPRO IM BD METZ,,,108 BD DE METZ,,35700 RENNES,,108,,BD,DE METZ,35700,,35,238,71,1,,0,O,201209,,8110Z,2008,01,1,2016,1,19941225,19941225,NR,99,,P,S,N,,0,COPRO IM BD METZ,,,,,,00012,53,35238,,9110,8110Z,2008,,,,01,1,2016,PME,19941225,201209,1,S,N,,,,,,,,,,,,2016-01-05T00:00:00,-1.661786,48.120693,0.82,housenumber,108 Boulevard de Metz 35700 Rennes,ADRNIVX_0000000262156216,G
009740820,00015,COPRO IM R MARGUERITE,,,57 RUE DU GENERAL MARGUERITTE,,35000 RENNES,FRANCE,COPRO IM R MARGUERITE,,,57 RUE DU GENERAL MARGUERITTE,,35000 RENNES,,57,,RUE,DU GENERAL MARGUERITTE,35000,,35,238,71,1,,0,O,201209,,8110Z,2008,01,1,2016,1,19941225,19941225,NR,99,,P,S,N,,0,COPRO IM R MARGUERITE,,,,,,00015,53,35238,,9110,8110Z,2008,,,,01,1,2016,PME,19941225,201209,1,S,N,,,,,,,,,,,,1995-11-24T00:00:00,-1.679017,48.098371,0.94,housenumber,57 Rue du Général Margueritte 35000 Rennes,ADRNIVX_0000000262203135,G
009740838,00017,COPRO IM TAMARIS,LES TAMARIS,,60 RUE DE SAINT BRIEUC,,35000 RENNES,FRANCE,COPRO IM TAMARIS,,LES TAMARIS,60 RUE DE SAINT BRIEUC,,35000 RENNES,,60,,RUE,DE SAINT BRIEUC,35000,,35,238,71,1,,0,O,201209,,8110Z,2008,01,1,2016,1,19941225,19941225,NR,99,,P,S,N,,0,COPRO IM TAMARIS,,,,,,00017,53,35238,,9110,8110Z,2008,,,,01,1,2016,PME,19941225,201209,1,S,N,,,,,,,,,,,,2016-02-24T00:00:00,-1.704494,48.113417,0.94,housenumber,60 Rue de Saint-Brieuc 35000 Rennes,ADRNIVX_0000000262170025,G
009740853,00016,COPROPRIETE IMM POINTEAU RONCERAY,,,8 RUE POINTEAU DU RONCERAY,,35700 RENNES,FRANCE,COPROPRIETE IMM. POINTEAU RONCERAY,,,8 RUE POINTEAU DU RONCERAY,,35700 RENNES,,8,,RUE,POINTEAU DU RONCERAY,35700,,35,238,71,1,,0,O,201209,,8110Z,2008,01,1,2016,1,19951225,19951225,NR,99,,P,S,N,,0,COPROPRIETE IMM. POINTEAU RONCERAY,,,,,,00016,53,35238,,9110,8110Z,2008,,,,01,1,2016,PME,19951225,201209,1,S,N,,,,,,,,,,,,2016-01-06T00:00:00,-1.665406,48.117188,0.94,housenumber,8 Rue Pointeau du Ronceray 35700 Rennes,ADRNIVX_0000000262161684,G
009740861,00019,ASS COPROPRIETE,IMM R BOUCHARD,,10 RUE ALAIN BOUCHART,,35000 RENNES,FRANCE,ASS COPROPRIETE,IMM R BOUCHARD,,10 RUE ALAIN BOUCHART,,35000 RENNES,,10,,RUE,ALAIN BOUCHART,35000,,35,238,71,1,,0,O,201209,,8110Z,2008,01,1,2016,1,19941225,19941225,NR,99,,P,S,N,,0,ASS COPROPRIETE,,,,,,00019,53,35238,,9110,8110Z,2008,,,,01,1,2016,PME,19941225,201209,1,S,N,,,,,,,,,,,,2016-02-24T00:00:00,-1.68305,48.100752,0.94,housenumber,10 Rue Alain Bouchart 35000 Rennes,ADRNIVX_0000000262198828,G
009740879,00011,ASS COPROPRIETE,RESIDENCE ST MARTIN,,4 RUE SAINT MARTIN,,35700 RENNES,FRANCE,ASS. COPROPRIETE,RESIDENCE ST MARTIN,,4 RUE SAINT MARTIN,,35700 RENNES,,4,,RUE,SAINT MARTIN,35700,,35,238,71,1,,0,O,201209,,8110Z,2008,01,1,2016,1,19941225,19941225,NR,99,,P,S,N,,0,ASS. COPROPRIETE,,,,,,00011,53,35238,,9110,8110Z,2008,,,,01,1,2016,PME,19941225,201209,1,S,N,,,,,,,,,,,,2004-12-17T00:00:00,-1.677149,48.118804,0.94,housenumber,4 Rue Saint-Martin 35700 Rennes,ADRNIVX_0000000262159050,G
009740887,00014,ASS COPROPRIETE,IMM R GAMBETTA,,15 RUE GAMBETTA,,35000 RENNES,FRANCE,ASS COPROPRIETE,IMM R GAMBETTA,,15 RUE GAMBETTA,,35000 RENNES,,15,,RUE,GAMBETTA,35000,,35,238,71,1,,0,O,201209,,8110Z,2008,01,1,2016,1,19941225,19941225,NR,99,,P,S,N,,0,ASS COPROPRIETE,,,,,,00014,53,35238,,9110,8110Z,2008,,,,01,1,2016,PME,19941225,201209,1,S,N,,,,,,,,,,,,2016-02-24T00:00:00,-1.675213,48.112306,0.94,housenumber,15 Rue Gambetta 35000 Rennes,ADRNIVX_0000000308800675,G
009740895,00017,ASS COPROPRIETE,,,5 PLACE DE BRETAGNE,,35000 RENNES,FRANCE,ASS. COPROPRIETE,,,5 PL DE BRETAGNE,,35000 RENNES,,5,,PL,DE BRETAGNE,35000,,35,238,71,1,,0,O,201209,,8110Z,2008,01,1,2016,1,19941225,19941225,NR,99,,P,S,N,,0,ASS. COPROPRIETE,,,,,,00017,53,35238,,9110,8110Z,2008,,,,01,1,2016,PME,19941225,201209,1,S,N,,,,,,,,,,,,2016-02-24T00:00:00,-1.683722,48.109486,0.83,housenumber,5 Place de Bretagne 35000 Rennes,ADRNIVX_0000000262177702,G
009740903,00019,ASS COPROPRIETE,,,9 RUE DE BERTRAND,,35000 RENNES,FRANCE,ASS. COPROPRIETE,,,9 RUE DE BERTRAND,,35000 RENNES,,9,,RUE,DE BERTRAND,35000,,35,238,71,1,,0,O,201209,,8110Z,2008,00,0,2011,1,19941225,19941225,NR,99,,P,S,N,,0,ASS. COPROPRIETE,,,,,,00019,53,35238,,9110,8110Z,2008,,,,00,0,2011,PME,19941225,201209,1,S,N,,,,,,,,,,,,2012-02-03T00:00:00,-1.678162,48.113744,0.94,housenumber,9 Rue de Bertrand 35000 Rennes,ADRNIVX_0000000262169306,G
009740911,00012,COPRO IM AV BRIAND,,,31 AVENUE ARISTIDE BRIAND,,35000 RENNES,FRANCE,COPRO IM AV BRIAND,,,31 AV ARISTIDE BRIAND,,35000 RENNES,,31,,AV,ARISTIDE BRIAND,35000,,35,238,71,1,,0,O,201209,,8110Z,2008,00,0,2014,1,19941225,19941225,NR,99,,P,S,N,,0,COPRO IM AV BRIAND,,,,,,00012,53,35238,,9110,8110Z,2008,,,,00,0,2014,PME,19941225,201209,1,S,N,,,,,,,,,,,,2004-12-17T00:00:00,-1.668403,48.110304,0.86,housenumber,31 Avenue Aristide Briand 35000 Rennes,ADRNIVX_0000000262177187,G
009740937,00017,ASS COPROPRIETE,IMM QUAI ZOLA,,14 B QUAI EMILE ZOLA,,35000 RENNES,FRANCE,ASS COPROPRIETE,IMM QUAI ZOLA,,14 B QUAI EMILE ZOLA,,35000 RENNES,,14,B,QUAI,EMILE ZOLA,35000,,35,238,71,1,,0,O,201209,,8110Z,2008,01,1,2016,1,19941225,19941225,NR,99,,P,S,N,,0,ASS COPROPRIETE,,,,,,00017,53,35238,,9110,8110Z,2008,,,,01,1,2016,PME,19941225,201209,1,S,N,,,,,,,,,,,,2016-02-24T00:00:00,-1.675861,48.109834,0.8,housenumber,14 BIS Quai Émile Zola 35000 Rennes,ADRNIVX_0000000262177414,G
009740952,00016,COPRO IM RES SERRES,,,1 RUE OLIVIER DE SERRES,,35000 RENNES,FRANCE,COPRO IM RES SERRES,,,1 RUE OLIVIER DE SERRES,,35000 RENNES,,1,,RUE,OLIVIER DE SERRES,35000,,35,238,71,1,,0,O,201209,,8110Z,2008,01,1,2016,1,19941225,19941225,NR,99,,P,S,N,,0,COPRO IM RES SERRES,,,,,,00016,53,35238,,9110,8110Z,2008,,,,01,1,2016,PME,19941225,201209,1,S,N,,,,,,,,,,,,2016-02-26T00:00:00,-1.686577,48.127916,0.94,housenumber,1 Rue Olivier de Serres 35000 Rennes,ADRNIVX_0000000262147680,G
009740960,00019,ASS COPROPRIETE,IMM RESIDENCE JOFFRE,,22 RUE MARECHAL JOFFRE,,35000 RENNES,FRANCE,ASS COPROPRIETE,IMM RESIDENCE JOFFRE,,22 RUE DU MARECHAL JOFFRE,,35000 RENNES,,22,,RUE,DU MARECHAL JOFFRE,35000,,35,238,71,1,,0,O,201209,,8110Z,2008,01,1,2016,1,19941225,19941225,NR,99,,P,S,N,,0,ASS COPROPRIETE,,,,,,00019,53,35238,,9110,8110Z,2008,,,,01,1,2016,PME,19941225,201209,1,S,N,,,,,,,,,,,,2016-02-26T00:00:00,-1.677897,48.10793,0.94,housenumber,22 Rue du Maréchal Joffre 35000 Rennes,ADRNIVX_0000000262181215,G
009740978,00011,ASS COPROPRIETE,IMM CHEMIN VERT,,6 RUE DU CHEMIN VERT,,35000 RENNES,FRANCE,ASS COPROPRIETE,IMM CHEMIN VERT,,6 RUE DU CHEMIN VERT,,35000 RENNES,,6,,RUE,DU CHEMIN VERT,35000,,35,238,71,1,,0,O,201209,,8110Z,2008,00,0,2014,1,19941225,19941225,NR,99,,P,S,N,,0,ASS COPROPRIETE,,,,,,00011,53,35238,,9110,8110Z,2008,,,,00,0,2014,PME,19941225,201209,1,S,N,,,,,,,,,,,,2004-12-20T00:00:00,-1.669196,48.093954,0.93,housenumber,6 Rue du Chemin Vert 35000 Rennes,ADRNIVX_0000000262213303,G
009740986,00014,COPRO IM R DUVAL,,,41 RUE ALEXANDRE DUVAL,,35000 RENNES,FRANCE,COPRO IM R DUVAL,,,41 RUE ALEXANDRE DUVAL,,35000 RENNES,,41,,RUE,ALEXANDRE DUVAL,35000,,35,238,71,1,,0,O,201209,,8110Z,2008,01,1,2016,1,19941225,19941225,NR,99,,P,S,N,,0,COPRO IM R DUVAL,,,,,,00014,53,35238,,9110,8110Z,2008,,,,01,1,2016,PME,19941225,201209,1,S,N,,,,,,,,,,,,2016-02-26T00:00:00,-1.695483,48.103531,0.94,housenumber,41 Rue Alexandre Duval 35000 Rennes,ADRNIVX_0000000262190283,G
009740994,00018,COPRO IM ARC JEANNE,,,2 BOULEVARD JEANNE D ARC,,35000 RENNES,FRANCE,COPRO IM ARC JEANNE,,,2 BD JEANNE D ARC,,35000 RENNES,,2,,BD,JEANNE D ARC,35000,,35,238,71,1,,0,O,201209,,8110Z,2008,01,1,2016,1,19941225,19941225,NR,99,,P,S,N,,0,COPRO IM ARC JEANNE,,,,,,00018,53,35238,,9110,8110Z,2008,,,,01,1,2016,PME,19941225,201209,1,S,N,,,,,,,,,,,,2016-02-26T00:00:00,-1.660123,48.110493,0.84,housenumber,2 Boulevard Jeanne d'Arc 35000 Rennes,ADRNIVX_0000000262176935,G
009741000,00013,COPRO IM R ST MELAINE,,,30 RUE SAINT MELAINE,,35000 RENNES,FRANCE,COPRO IM R ST MELAINE,,,30 RUE SAINT MELAINE,,35000 RENNES,,30,,RUE,SAINT MELAINE,35000,,35,238,71,1,,0,O,201209,,8110Z,2008,00,0,2004,1,19941225,19941225,NR,99,,P,S,N,,0,COPRO IM R ST MELAINE,,,,,,00013,53,35238,,9110,8110Z,2008,,,,00,0,2004,,19941225,201209,1,S,N,,,,,,,,,,,,2004-12-20T00:00:00,-1.676463,48.114832,0.94,housenumber,30 Rue Saint-Melaine 35000 Rennes,ADRNIVX_0000000262165421,G
009741018,00015,ASS COPROPRIETE,IMM RUE DE NANTES,,254 RUE DE NANTES,,35136 ST JACQUES DE LA LANDE,FRANCE,ASS COPROPRIETE,IMM RUE DE NANTES,,254 RUE DE NANTES,,35136 SAINT JACQUES DE LA LANDE,,254,,RUE,DE NANTES,35136,,35,281,31,1,,0,O,201209,,8110Z,2008,01,1,2016,1,19941225,19941225,NR,99,,P,S,N,,0,ASS COPROPRIETE,,,,,,00015,53,35281,,9110,8110Z,2008,,,,01,1,2016,PME,19941225,201209,1,S,N,,,,,,,,,,,,2016-02-26T00:00:00,-1.69121,48.093076,0.92,housenumber,254 Rue de Nantes 35136 Saint-Jacques-de-la-Lande,ADRNIVX_0000000262213818,G
009741026,00018,COPRO IM R JOFFRE,,,24 B RUE MARECHAL JOFFRE,,35000 RENNES,FRANCE,COPRO IM R JOFFRE,,,24 B RUE DU MARECHAL JOFFRE,,35000 RENNES,,24,B,RUE,DU MARECHAL JOFFRE,35000,,35,238,71,1,,0,O,201209,,8110Z,2008,01,1,2016,1,19941225,19941225,NR,99,,P,S,N,,0,COPRO IM R JOFFRE,,,,,,00018,53,35238,,9110,8110Z,2008,,,,01,1,2016,PME,19941225,201209,1,S,N,,,,,,,,,,,,2009-03-04T00:00:00,-1.677965,48.108575,0.84,housenumber,24 BIS Rue du Maréchal Joffre 35000 Rennes,ADRNIVX_0000000262181218,G
009741034,00012,COPRO IM BD POINCARE,,,6 BOULEVARD RAYMOND POINCARE,,35700 RENNES,FRANCE,COPRO IM BD POINCARE,,,6 BD RAYMOND POINCARE,,35700 RENNES,,6,,BD,RAYMOND POINCARE,35700,,35,238,71,1,,0,O,201209,,8110Z,2008,01,1,2014,1,19941225,19941225,NR,99,,P,S,N,,0,COPRO IM BD POINCARE,,,,,,00012,53,35238,,9110,8110Z,2008,,,,01,1,2014,PME,19941225,201209,1,S,N,,,,,,,,,,,,2004-12-20T00:00:00,-1.654302,48.121527,0.86,housenumber,6 Boulevard Raymond Poincaré 35700 Rennes,ADRNIVX_0000000262155952,G
